velocity,altitude,other_features,fuel_consumption
1061.8101782710437,92.56646441930982,0.26170568373590597,390.0793361358797
1926.0714596148744,270.9504736891791,0.24697879907199982,662.8865279810402
1597.9909127171077,436.47291793820415,0.9062545805210367,600.9609490208492
1397.987726295555,366.1124432047806,0.2495461998495061,424.3459755895808
734.0279606636548,403.28057393072487,0.271949726128631,361.4888972271743
733.991780504304,329.3916833553587,0.7593982624179637,299.2143372102975
587.1254182522991,346.1382822589262,0.44973984245054,226.94639894940988
1799.2642186624028,424.59782578265964,0.7767105569551812,631.9459251780609
1401.6725176148132,124.83400442959297,0.06536615756438524,356.663331141203
1562.1088666940682,244.71248182157024,0.4875711936733843,538.0565540659354
530.8767414437036,110.60472090980112,0.03361360018328263,129.91875256598604
1954.8647782429914,493.8340039983235,0.06265320345535452,617.5989853007309
1748.6639612006327,472.02966984330664,0.906437453344411,542.977806763291
818.5086660174143,19.713405684252947,0.13924537111759516,305.1436242286829
772.7374508106509,352.7875862578442,0.5324206822752171,270.9688248783522
775.1067647801508,462.6241587078329,0.41109560260070654,401.78435623169685
956.3633644393066,90.28767256366676,0.3473433262588427,278.2112050245363
1287.1346474483566,283.97261527631474,0.8998333456872725,357.65700274469134
1147.9175279631736,457.74414879402093,0.0218233967754895,380.10004849000086
936.8437102970629,16.97298929289942,0.6637896861755891,346.30467091666327
1417.7793420835692,348.71013362341995,0.9633944342135504,487.3772598963427
709.2407909780627,148.6745036862754,0.5601681834618419,215.14879002449004
938.2169728028273,462.1980976882652,0.9368224620330918,381.9993049173439
1049.5427649405376,485.5291225826839,0.05225787928602377,437.06301659500394
1184.104976325554,472.13324455671693,0.4187933190741614,505.56996193604
1677.7639420895205,237.1071083287319,0.26015779096205116,623.2015815663449
799.5106732375395,431.0213254946567,0.7308209649807298,308.14211687723696
1271.3516576204174,422.2746992675352,0.9812970904972467,399.6561825445801
1388.6218532930639,159.55023662162782,0.2565300624442478,427.84899826232527
569.6756190799966,414.4577370753387,0.6541746014740745,266.87367592835847
1411.3172778521575,18.50381735774631,0.19809763275974013,378.9278102799419
755.7861855309372,298.13493924102653,0.5653302545716099,238.56183078819146
597.5773894779193,115.00441864385152,0.4639324866883362,219.50988789830916
1923.3283058799998,60.28344288863941,0.9720053296315371,586.7197632961684
1948.448049611839,38.47660081460458,0.6085272726964666,593.9304375443215
1712.5960221746916,348.1443879390699,0.3495063720868188,545.5178681424267
956.920653760056,169.93748188403308,0.11409578488793337,309.5550663730238
646.5081710095758,362.3833857643807,0.15124682873493456,220.23259592520714
1526.3495397682354,32.678170399471185,0.2253169299512351,508.9729482595994
1160.228740609402,157.64516891530516,0.250966661340298,431.3852193682032
683.0573522671682,269.7456461876686,0.8506160578411378,166.64200341156362
1242.7653651669052,395.36158241948175,0.5612227882825249,405.4825053031757
551.5827816728277,159.37625146603494,0.5233909113743664,122.57596113168876
1863.9806031181731,312.94568821850453,0.11476887186921747,589.2935987459949
888.1699724000254,442.9888741180936,0.860139693349435,350.9628820234433
1493.783426530973,307.9315940911523,0.7228143032084837,437.3113672229167
967.5666141341164,116.47973737681689,0.06766836190000158,267.47970789552267
1280.1020317667162,12.20039077826901,0.7078350972297687,336.34360259131665
1320.0654190149194,435.04943695046495,0.5435382173426461,493.4472333862503
777.2816832882905,10.63470542519357,0.08172534574677826,238.78683545791304
1954.3769416468378,437.3508363420997,0.45830064152865646,637.7422021597614
1662.6992350416717,264.468567013606,0.484696287130047,560.5929971509056
1909.2484123462837,469.5338492564481,0.16577454016327575,639.3638667798277
1842.2410256414732,399.3916178868327,0.9456981470002823,619.0624455682058
1396.8499682166278,498.96705526666875,0.8499753714806619,602.606003570397
1882.8113525346753,175.35590772585508,0.6690223373291083,667.0045421288239
632.7387530778792,383.59414446556343,0.4622955610006072,201.60762252619662
793.9742936287178,200.96545680462108,0.4117655415845085,319.9131768976567
567.8409333658071,239.9378101519544,0.6509734671509542,258.97476711142775
987.9954961448965,313.75273160918505,0.5454318694069055,301.7905739146157
1083.015934534223,436.83855709316936,0.062273105881885615,453.217601277232
907.0235476608439,492.04173459964755,0.5125026487703317,447.4632574036873
1743.106263727894,384.1367069322591,0.8064036172328395,543.7126205543227
1035.129990040384,208.88339108366688,0.45923987759695806,306.4864581658951
921.4017645310712,210.6785011385351,0.05195657755426841,369.44449858695896
1314.0441247373728,368.79115079444574,0.7862781993840331,481.62486094132174
711.386337462144,119.38857288415117,0.2013637821359744,264.8875659556632
1703.2954711310595,55.23705656569733,0.2586208348880388,539.091375555971
611.8259655196563,177.31107882038827,0.1647063534322959,238.56127210172497
1980.3304049007759,143.61949582704088,0.33021506487149754,556.5324357265738
1658.367153944986,148.15406022799505,0.756751505688635,579.582518710736
798.0735223012587,116.80387552495498,0.5193858595039373,321.31427000270764
508.2831756854036,21.046594818180942,0.20488127415071256,145.24522259327094
1723.1921426822512,8.936967366706906,0.8778300781520408,516.6589717951388
1560.2860157714256,493.8611948680158,0.8795818549515292,490.3906267627399
1593.510752061481,213.88656686793118,0.8705784250460069,546.6303346354268
1656.9055200289185,192.16332357984084,0.23879621138153928,564.131072431489
611.0669776011356,339.82364134653494,0.4512393441809881,248.2203946341002
1037.698592816409,109.12694393253209,0.9849896561408751,389.45113359056836
673.8035892876945,474.98059197511265,0.7720124763099904,280.5105348799649
1794.6551388133903,393.17250720777605,0.027167421225559818,645.2640561223748
1434.947190241337,44.705501156129756,0.06520459126049205,388.4485608281473
996.3470372789739,208.79038789246417,0.46393137681233276,339.5309743561542
595.3375254290354,439.55915378108233,0.9092202058615602,257.88629751037143
966.4734825734934,472.36601114570516,0.5387017979527142,395.73451328303145
987.7749830401206,233.70075562493486,0.4978125080342902,324.64608084615867
1594.409267507096,306.70569460535387,0.10547369995663058,533.1008367596118
1456.3362070328196,83.5169730460376,0.656780104724294,494.97229330160116
1830.8191138644897,495.58431306848826,0.8221031606002255,626.6065952271937
1208.322387742924,115.8358506917217,0.38042000750756233,305.37307342503834
679.3913689074525,471.3658870675628,0.7756118509253275,385.6473444811119
1569.8671808344925,324.8233244961842,0.9644766539008116,605.093970749499
1641.177572925346,303.86839743942954,0.2037664591276891,488.5341932561215
1341.9157963542443,256.3442555082543,0.5233296311947413,488.38131323330333
1656.4507699318415,115.33490585887934,0.28713795808457554,494.8821874195696
1240.6933945465862,88.26401600275413,0.7928544190338394,403.114467772983
1284.099244072991,110.24310453508768,0.5775933658811575,422.04735991617764
1141.3115275378245,93.21913107212725,0.6345824175503038,349.38035270171173
538.1286901161428,389.79223678337667,0.7979141596158941,200.28856252815993
661.8371404899567,175.06262958336504,0.3959704726624549,199.0762124951133
547.1437785301014,28.921338281698183,0.9150900684070432,124.20931444814863
1454.6156168956704,484.5513150704057,0.53302886724614,491.7571405579847
971.5339716144899,441.89294248171285,0.157954822835348,376.4956609605053
1262.856036747054,463.8761415976065,0.6958991181688025,435.9136297999168
1861.3497108891395,497.45391132321765,0.7932613504382544,692.0776249520602
873.9383437233124,86.94762460974364,0.31676167706752667,353.9650119734456
1115.5743845534446,198.12100945132937,0.857179256998753,345.379573113497
1633.326707814573,379.11923785204567,0.9061432547657664,577.8826992670265
843.1972482374338,348.0103090268961,0.2769044873778089,347.5731822404938
615.4698647431895,76.94795316992753,0.9835214727152221,223.7290157501776
934.627179370652,407.9165624953089,0.14071152804875842,365.78330085886665
741.8319308810067,112.22028591833033,0.20201566840248997,282.14795893279444
1894.5464785138597,111.90880741131154,0.18422483923802613,614.8765751543768
1712.1805693466254,268.4872114467068,0.8939897100078704,505.5578909479648
1450.1056347656352,296.46996742085156,0.6542925523249619,537.848916388557
1807.1908852815766,290.0431039189056,0.15210428322227287,644.5456386599134
1705.5081153486717,45.743418698877434,0.440323418368349,482.68084547728466
779.8550883290538,438.7304313151902,0.615298025069802,323.66103433664125
1838.8384977349667,132.80002129435303,0.08346408498938329,612.3863496284129
1309.0133628734761,64.75746064140209,0.8824163684073387,395.27805164819586
1711.1602327460937,444.3740399344886,0.8036035354415352,655.9521405525705
1844.1369498852398,477.82574911487666,0.5052067735766382,767.050380196873
977.0052124577958,431.0638086327253,0.9671266152591704,340.1117364936606
665.0778867915151,404.75803736243904,0.4177609792750997,211.46451945018103
841.9027438129126,327.62099031951084,0.9841103190364978,333.3843620199234
1140.6616829393845,275.4286853045696,0.6679199988036271,433.42915919891675
1727.0221488837396,43.493379955705066,0.6346712732539415,515.3254690913498
1791.095874884515,204.22660653534936,0.165954895295785,650.8537124280057
510.42819579678604,186.344258506157,0.881927758304644,123.55521322993523
1266.1209538663486,129.8768918801631,0.42748968792061515,440.5003446563098
1126.1165047231684,361.71005684429247,0.16223340578247936,379.90014508844257
833.1617157060954,247.9378675393854,0.01260751997575904,385.50624428206805
679.7980510005242,40.52310795382397,0.5597556836383826,311.7257801176918
1006.4227571054419,110.09160097490567,0.5273996221226763,285.66505789965856
1914.3645558687788,341.629381829798,0.7193536223691586,615.2293216934011
984.8043980311329,38.06542974515009,0.8902580530178021,346.12282551266173
1278.1859326150493,425.60345702438434,0.07940658464302952,449.2278793583802
1554.5284383427668,247.57326350698716,0.7314964903403623,513.6757729566497
1045.444403568941,240.293288663324,0.18741194409758222,362.98014102487735
1957.673124081441,296.2038923297588,0.858177053157164,550.6448755858169
1943.6709424131668,412.3404829625746,0.8190635138616561,664.9593983631393
877.6734437380462,173.90460395109653,0.5407937549855444,263.65064458392294
1245.8727588385782,339.0080762795318,0.7102427986233115,416.9783260673536
951.3174647251544,282.8659819978955,0.3143501131837484,414.18147100188446
927.2607415662014,133.51413508471066,0.47116789893281463,242.10282156273303
555.3304210317992,439.31499317757897,0.8216368977104717,295.2045479722255
1414.3465009698452,398.71301080346404,0.4592651971732139,490.14433245477323
1254.0185348432924,329.22591732921273,0.3577982653254418,428.09851532057104
577.218126874984,425.290864547121,0.4942124472502999,297.79162701922996
917.9696963549172,433.64710047990116,0.8282492524372184,379.2057186561436
1862.3988289499805,354.18148835751737,0.33520804737087273,658.1201170222112
859.3428360004586,418.506664181836,0.1737615931357438,389.93079282246146
717.3423081368346,348.7357308346418,0.7120140203307808,268.45562085084566
1234.1791404163446,340.0703858801502,0.8259782127080818,407.7385803968167
1978.475681165901,309.3056891075922,0.10063747852353333,601.1563795912512
863.0829072672507,376.3583197788206,0.23987411275594472,292.94999704826716
1508.2033211088178,79.30255264653685,0.1419719897609939,615.790425326365
1642.4294229930763,440.4353795994642,0.3479414115821666,643.0846759958133
856.4563159885995,435.921763872616,0.45035097890541265,276.6125643585925
1592.3245229177894,14.623641517279573,0.7488263369633065,414.5740699753106
1051.6746990788797,412.9083752823813,0.6511475848816741,422.2425026245529
1448.4587458903693,64.4349337367226,0.6209285674784312,474.8499432401015
1450.294566141342,167.55942712957093,0.3523749466096544,496.079684528846
1303.6620261121377,371.75412814580386,0.8414475530847599,452.78578854042576
635.4346550816124,80.3799480241541,0.47128716739816456,200.48080184590933
1752.953743383857,408.9835120595311,0.9791049380151545,624.1747121288327
981.1700974576038,416.06708897887097,0.6341421382957368,381.9225115615514
779.7777655997813,253.7338668804181,0.12626474156450274,173.7277108927977
561.1627123321459,3.19293585841679,0.676177562075434,157.56503709877498
1386.3394147823628,143.5190665874564,0.325104015431699,402.0678264407276
1516.3465427634237,308.4634591878711,0.6863271966860974,525.4258583316955
524.8817433917842,490.59308901371173,0.06964114816240574,404.85305506526436
1268.1395874489215,315.90676350833417,0.1748814371759594,462.014800353776
839.7436627969068,129.9017905320799,0.8557372589057863,262.3125463627587
1467.7591856141748,317.00285154980565,0.2271795570235149,549.8411190487786
761.5496435074872,269.99268985792776,0.83704112524294,306.6815294968166
1536.4066071536988,389.9226975755718,0.27927608845441043,559.9391737926613
1080.1030194508062,53.490319413479206,0.6428819100587077,365.13578756972714
1905.0949831051018,380.513951251014,0.694150573509831,750.5278784805614
706.2814162189899,270.63328933805514,0.5126547531450529,209.5179264423267
1011.5995265753877,481.4960019294973,0.3053106766967313,423.49119326675816
670.2102818608836,170.93608301934304,0.21264437637109612,188.95250910069387
1887.040427417844,316.31094656697405,0.03318935456242622,657.1532687913168
1816.0090300714714,466.0140527550087,0.3039464012407238,592.1015886382626
886.9124415727334,51.254863995339626,0.653162790531283,255.52168086968686
1489.9760690512685,468.61424361822554,0.9383048184484827,526.0550042089752
1725.8333003018238,343.94286115040666,0.871204482263052,635.4165187360902
1332.8012173991935,33.91852955258595,0.7660647765353026,452.6233998050494
1294.4758675340097,150.48178347340811,0.7884473432532987,356.23209286689064
862.7784363506776,354.0860443226408,0.6649849034759953,332.4639438100715
639.6541517088488,33.67530073438585,0.260286857566003,163.17834160782976
1845.8236369299902,291.08523008813665,0.9071950307058299,549.1296110659282
1850.6270857449956,172.94152847647837,0.670732311905834,578.9926521287664
1449.652185909902,310.45775888373856,0.56044063098044,481.6191121900254
1008.544686573051,22.871016906256425,0.11098946921348107,428.48453261736404
1023.8143619189914,435.7684030761881,0.4470555438064254,415.99068601335046
1588.933518305359,486.74448458869847,0.4603582712019263,505.1941131987557
1845.6653899288656,484.4389276428457,0.86456360952267,622.4351586596339
1830.629636397676,374.82591587146237,0.5466482201877885,675.2779036870841
1669.8133187864357,65.04312006531599,0.38040054897040965,618.4127983473873
1463.0474692314315,379.1315979645113,0.9768003285106593,435.53907478328483
626.2099474925733,12.293458229400755,0.11072059332631567,96.3365286960325
742.4430711419207,11.061775764498627,0.4225484283119446,318.53579010689623
1847.8312827906188,161.80510957477063,0.04202467517140529,606.1953180882022
1409.6435894893848,244.32159520233287,0.7399041207669304,428.4167497055403
513.7955774249444,385.2037089038966,0.9180765521991506,258.00267696960435
652.2073142990482,341.6476883032526,0.28003732955048943,132.2323487324761
1495.2526536620837,222.95135318837416,0.8583416767991209,493.4206762338379
507.59237576932804,136.81333314083292,0.29221823046189777,196.06065982416544
741.212077126248,498.5622500788556,0.9107701616439152,368.38065714670137
1323.1006840498792,213.09065111798648,0.7539619035967839,388.9289340142938
1537.84279653904,225.69351216483773,0.8049067768414386,510.8563901425316
1477.9418892539009,81.81191059583459,0.0180065556004545,413.4755182479178
836.4039641908397,397.4047743749647,0.962810357074026,343.2676129516681
1568.2688320213038,346.84111289074434,0.7266709920703233,495.15422316559585
855.8736312452002,110.38480639438019,0.3047510953861333,258.4644838039636
988.0995472389016,41.19052280792135,0.8293946648588469,254.96013846022913
1619.7371076770362,340.24965103735656,0.28152119841492995,586.5560267216065
1474.449348570822,327.25560714056763,0.872753839566128,550.79575721615
1773.835115741267,136.62976349910466,0.11258039041193701,547.7567169633714
1486.4193384505152,475.4317811252052,0.7036859774607958,542.994426105943
1352.4629050032074,75.52894589045012,0.5406984766449103,348.46915979503956
640.5121517421387,216.16740052130095,0.09653447019544081,220.41294667358198
1051.5737045891503,471.80796008379946,0.24189382825883898,407.34766192424365
897.8035515225881,209.86365846306114,0.01240403627731479,442.35469210451515
865.9844650686254,319.26297383204275,0.46876796546450583,268.09645979483446
1959.5158321286683,198.79719898139714,0.3012652607600004,700.8531778985778
1089.6465870001407,137.107601174335,0.5983574842977588,404.21827075662935
1838.0698327656698,491.9888239799141,0.2972378077086172,663.8802586309614
1446.7079389958944,204.66700315752152,0.2999191115069847,562.90679845118
1692.2169553124727,447.04960183956723,0.7431931987316034,615.7545999118715
1253.9556396577882,114.97730294554309,0.04814283597835345,418.6449265534394
1365.3558269395387,106.55235201254165,0.9028949951919872,428.3514753330119
1238.776540728296,15.56704144225568,0.8522638743911815,436.0100410153104
792.8644816970668,325.83341268794254,0.6678046832264065,357.9162692055754
1583.678172892258,184.26317186188058,0.5932215701073843,480.7315440222536
921.1585436612837,432.17912491981855,0.8923024981396522,296.91025860222436
536.4739496471808,236.60495334577857,0.18533017952871444,198.13267671147997
1468.2084438607517,484.09671395736086,0.07896916219082861,497.2878446460345
765.6660191105734,92.76275785156058,0.2395101699095381,245.10007958970735
1910.6878765293714,434.3115839778054,0.7945782787001903,722.0200443164495
1930.892865503881,388.2984263958709,0.03467026672648332,634.0659292026716
1872.2965853306728,385.460922322026,0.5828068350834896,636.6982716815367
1055.2380503831666,422.39161405844385,0.9954375161913099,404.0504184186776
523.1849247933011,380.51199547149946,0.8556960938375394,275.5649902519382
1892.4778438815881,313.1101608157077,0.5214456890435895,518.0730631972921
1142.2762224759715,65.62243884119378,0.06364090928664234,325.478703863694
1949.9822285655043,16.263089745625958,0.8313735143857098,598.8946084841888
1945.4299656338792,460.4239239078434,0.5989785081772105,735.7776201438933
1779.5141832010402,308.325157260369,0.11493299705956683,570.9356573367816
941.6733381043786,398.26864548808817,0.0938572848233562,268.33748095531985
1077.6465929028877,240.76117575627504,0.9096268194365924,402.52274800237177
1776.7050072752854,58.65409448119724,0.6692002629380784,513.0411216638374
975.3830077344164,62.59289610127522,0.8292867993167555,245.7330772659936
754.2391200291388,342.78264361448566,0.8789789002822673,263.69889313600584
1335.2018936875252,215.15294744973136,0.5717723520483222,434.42206694861625
1904.2321612411715,100.26236335016836,0.5174463517550413,561.1366324506499
1544.0446950124594,245.79727337071844,0.4304274103209902,402.13760306396017
1355.0917551340476,32.104468537567044,0.3169465877911193,457.8334247508634
645.7647406561528,290.9857009571994,0.43459596085871177,315.7137740483077
1422.5108400487547,134.49670221754883,0.7738796557301564,486.30607999068445
1985.080775156395,398.7795503185941,0.6019234310151316,618.456051432498
710.126022854786,155.18097946178688,0.8925232899548461,234.08867838041274
1277.494478545605,227.6100745409006,0.4433800143791877,428.48863071182666
1816.0596078919332,5.810269954050318,0.607089578718754,575.9803647943573
1611.1529266313066,36.22344389727944,0.6313075530919887,524.0707219600611
1545.5236114929019,196.24677820334242,0.5916971623063255,466.2569188658449
1553.726125980664,239.96941735856174,0.7026337730855163,518.2817624638981
1039.2367268296327,300.01027405965186,0.23743346837480628,394.6608364384197
940.3877663967401,145.83128935465163,0.5123637775457907,384.1249402750453
1714.0417332177703,347.4909430632713,0.10422480280834767,618.9464580495023
1715.1700920187711,430.0611985946023,0.38451132764481255,640.0545528260923
1800.6084778701556,389.9254944466749,0.4876670686212644,622.4077403537118
1869.860828834707,19.809412674178574,0.6522242595454725,635.5083108713775
1267.0135982914067,240.25347362891446,0.9505310525862035,448.73796711643837
1252.2744420307995,52.46508920908744,0.6006510665483559,343.1810200490337
1697.4427684501627,121.02250793126373,0.7435939161765598,603.6801900191788
1474.9458961666478,493.33129663357323,0.5062660594952028,576.0958184096098
1552.950315886555,71.24777145075662,0.6341040313763313,458.0458584028313
1693.6890041541517,249.44407672567803,0.07093221613377343,534.0279614430323
1835.0080127263495,309.07786715905956,0.254391580841847,627.1721936648389
1006.9927352773037,351.232485272052,0.3618530932051387,395.5397427103012
1063.374428959916,279.82434174345707,0.47249335500651357,384.88905965372714
640.9729097613035,4.88542370959183,0.045648745502383736,208.8389562170039
1367.420211494261,163.23065412199594,0.14002409755331768,527.8840654112518
553.9134106951132,258.85582169235573,0.2768143077913058,271.5500265895285
1198.3970271986902,43.93324957241668,0.9715326909010507,377.93469090643174
1313.966952061365,175.3134656045904,0.33134700710305076,476.351442478412
929.8118781924265,16.601554395683284,0.48204105811208253,230.68588326629887
1386.2498908535163,39.28924857751037,0.19609771273839294,443.6487792401712
545.7503749085741,198.46163810079804,0.6107800710757683,293.9438355864949
556.0222831238216,66.35787702153017,0.2806832155159743,169.2040338933854
1733.9008409894873,283.7704241307791,0.20699257843842678,534.5633399498915
1040.2859621168943,344.73248456863286,0.5165726284459791,348.47949838198645
690.5907689778271,400.2933495545414,0.005505799160420821,232.75479931705303
1283.3648900822066,100.07512212240505,0.0076640326492253275,365.7871624460227
1654.9903296479163,83.74129112953487,0.21906880910185778,494.7418590716905
823.7315412452647,52.28392016720013,0.03672136250082114,187.30156758433742
1434.3357137285004,318.21512477181835,0.10802575413069138,494.73545834580705
628.021197490652,353.2378632434506,0.3388606493387516,304.2016766501519
577.5225817529115,15.793072412821019,0.8025856795798129,131.10783856904962
1297.031947352222,468.1061231218449,0.5720486433693008,558.7522098764609
1310.9526824151599,25.985641825736206,0.5126677259564164,424.0738042886706
1456.1448522473097,270.64816765053524,0.29348882320812164,542.5314673678237
1589.1370005839924,354.5302597254582,0.9317537194328164,514.8485997996257
1963.778119193802,435.4845618730428,0.39701504123719167,718.9963109902036
1274.450522451793,357.0434660662139,0.08709276679577149,399.1558642056945
984.4347094118689,400.86404153489593,0.6170665161178013,420.077302823977
1692.7792921530554,169.72509627140303,0.11383839347660141,550.3821577292214
906.2483768931113,407.4125568732561,0.3452231428016921,381.054107756104
1158.4571310584543,40.05742319233757,0.5074119387178089,296.819634868633
617.6845720133989,447.4083280302638,0.8742225246851758,230.12096734871068
538.0261151231863,273.79618807686813,0.49354658034011867,246.07783772303276
1943.9726220168875,408.64888498124685,0.7022587660316643,617.5743892667087
1753.9701807683086,226.15914225915006,0.9928168389990704,594.6824789711786
1543.961309140547,321.78884759826246,0.13148911989798162,459.20242085079406
1113.429416621405,263.2013304680566,0.2747315255195195,429.10527486591815
759.9414801062687,365.7947608776659,0.3945760755976464,239.55468807654808
734.6555640066291,40.81499101529479,0.42182817853883137,256.2168471068777
875.364347246893,30.1760419952819,0.41102107526554577,299.96716136295083
1323.8399970591809,123.55161700507323,0.9076110025565549,387.1144926975458
1571.8938840500934,79.77234005659417,0.7140326444668564,516.6953648450299
1490.2960650765967,435.89178329610087,0.6079052140907037,547.350079870286
919.9008454189143,109.60699367902215,0.3093727178627821,270.9804968236281
1932.2979209947912,487.93262790956567,0.8237903842212947,626.9305467149622
1606.8453750436527,168.44789588555344,0.9550605114849889,417.707413157726
1331.531078767101,91.05895784434964,0.8211982825502265,435.23573739223997
1417.5811193515283,394.84925357123956,0.0015651051914729042,426.0042044621228
1129.4000936416849,329.35388775043805,0.636401370183407,409.5216557516768
871.5964842517362,249.09785822656949,0.051135381442100725,298.13121965486647
1033.9590179768925,277.6817754688156,0.25760722033372185,399.70695998077406
1636.7691656965537,359.6008891361319,0.059524700347771686,547.8546050317341
521.5902329446338,114.22737066564936,0.6037954529493877,162.9105342444604
674.1089607603743,498.16695802837097,0.6865899134926068,338.5282740395505
569.0039630326291,487.3965810733916,0.11448763806590512,284.9448553424795
561.0932034784552,325.16284317346845,0.3838388830449795,249.20671142567363
1783.1908760165109,99.77122546457257,0.456236508955542,578.4205110391896
1555.4867890700355,340.11412121564564,0.3690530217609166,457.9271601059606
1211.2607436309877,36.09920448958792,0.12102500048519305,408.44960048661153
646.7512409765022,15.326251102903033,0.4189477901874754,227.75595699323011
1237.4238126752484,128.84144425560683,0.7511780478084181,346.2363940296519
1210.2076561708486,231.31147836965815,0.07100766453325547,397.1276696079295
759.8028048650228,434.13625270419027,0.08018001408190345,312.81074562037156
1150.7774738569597,363.584534883154,0.3547712918359842,411.2607870428157
1097.7571015960602,371.3532605999905,0.941725711618925,420.38495349840474
1423.7751470783246,212.74666722403768,0.668572646722914,541.3170739245364
1452.6404763014657,172.96749627348146,0.6786699566725648,524.5418455244446
567.9560146580668,185.51938149230136,0.36191999083786497,141.91591302339378
1061.9189219397067,493.82478186802894,0.5936607912085384,448.50349854994107
1438.7898735713545,20.05459570624124,0.010131184027743378,502.09556030782784
1254.7043878701315,433.51574806122426,0.6360960464095422,482.5185016123853
1784.7347617824835,289.3377042861967,0.9132869475762367,647.9283193460403
1488.0404474284176,219.30770959479523,0.6125734683448192,590.9484557793571
744.4016406221446,362.6288302075682,0.873698593466345,347.1191053928527
605.8531211006448,243.33447071235142,0.7239730554660938,242.96065756029677
1463.6289173094733,436.71161904083027,0.12055841640369025,578.6974785468861
539.7669658124328,450.35093200562926,0.9024533072858417,259.33491313042884
1378.663371910195,210.8604634367277,0.06644384435577488,456.9729008090874
1910.3453621374365,138.41389861752577,0.5339674725477638,583.2690733263042
1363.2112668138184,296.1751642966811,0.14213712379345766,546.3832945574665
1082.2548893097828,456.18167280834547,0.011706610730904066,374.99253871857695
1464.9323276635298,105.3310945028333,0.422034260127639,537.2065068595441
1187.379335737275,311.4832917817414,0.29504070765415624,443.53316933531477
1318.4251839739024,315.7801100462603,0.486000493797603,388.76686851070554
1912.1972131647879,366.5565112076405,0.5771998867345508,665.410650829209
1079.1539567011614,65.7838425636299,0.04373907230894736,231.9060040477241
1941.7858457358714,357.91248234104427,0.12300329512374564,685.4059513600345
1858.0259629340956,454.5162603328205,0.5586423964504253,692.6284793358873
793.6867021839446,89.84155443512098,0.34316735317265823,226.4908404949221
604.0419513127482,118.77166246193882,0.729173487549448,211.2172200327463
651.16700206614,485.6975470208198,0.6522916485919397,390.2627108763795
527.3327384773246,90.48847635474489,0.8456043629899068,151.0947420373485
641.6644411338925,427.1925466847896,0.6924928266692253,225.06171160696258
1524.5101601245353,246.1389282240174,0.42993107739014813,580.706996913033
606.7829726903435,123.61553720158852,0.6729666223944324,304.9546554361999
978.463445440642,435.3749506362557,0.2753811742554185,380.82634546926164
1767.3129664541818,222.65262750133274,0.3063134987782127,625.3281985568167
534.9079036037388,257.4086769648451,0.7889851599207933,279.1068007666268
1721.7027238834037,179.61668469988285,0.4464195164015822,515.3545844297187
922.7821621600999,296.47542571746374,0.7983803405183525,311.9442800571811
677.2472414324843,81.76193629251138,0.8224223736682784,281.1525275833512
1545.105748046226,195.54076832588035,0.8575623376612838,586.9763482482355
1443.414270169826,484.70616116764376,0.9166352358412073,558.2012198167785
1816.2080202905795,129.06671635056378,0.43098522051329624,526.7281302042352
1602.6065657058286,328.3683322706461,0.31886681832113883,645.8405784326819
1705.221395577273,162.59503211234744,0.5821987465941139,517.5951000797124
923.0518588569597,386.7365628433003,0.3711724234376276,337.54309840951913
766.1593156695842,65.43683035917492,0.601074166800233,260.1121599138713
1625.9221274612876,484.91052253927234,0.7055858626438246,662.5373223682438
1710.252108900896,226.89477069181962,0.6884050184921369,601.2222261380931
1985.75771300101,118.02523167323199,0.37455288702012135,640.113090541747
1118.9265153671397,36.748373665006326,0.16686020169875282,366.20874186921833
1058.0271286891748,84.87895254377037,0.43052933846220753,336.60271548152605
1664.6194411129952,259.88697427800884,0.14259414408190874,579.2844623298339
1011.2053103795267,168.50158821564315,0.8900970351838083,210.6729165757899
1896.135988405347,414.44168294130475,0.3458774607378574,636.9333479024489
1787.6191277645178,215.44376183090296,0.15445974722332378,591.4560334160974
1143.4910410625275,124.35713629381495,0.025447759905750877,310.3705801725365
1626.306601687246,308.572493302015,0.6458223862864843,568.9872272957834
1631.8143111270235,353.3886084427229,0.6369023174547432,550.062144209091
654.6858032538989,83.52095395047493,0.34060416658129167,300.9177770986973
1853.82936001935,83.80960814415883,0.071711888847651,651.5688870842642
1257.8785586717859,18.335713466771487,0.409628894895232,357.78139472847147
1739.6861991616124,368.20100753282026,0.3112174950633936,588.0352974262194
980.0744015459177,331.9022638109025,0.6771206397350094,356.77310700950966
1843.2848427443007,237.31543787490693,0.6057792494526903,577.9261445152357
1083.8025181012447,422.08522448459854,0.36459372819754,419.3455089015192
516.2564772204476,402.8350764750266,0.2178925542549901,197.55164427218557
1858.0729646288955,292.6771821983761,0.9880359661555919,559.5253626780831
636.9300151792004,434.1356402566293,0.45400162119611487,309.08709396221906
978.9704563856224,102.92060501838412,0.688274235780237,345.82056455403205
1925.0929505762074,55.959809698863936,0.14055296757836078,548.5181144263933
1925.9107204063341,134.8748057584948,0.4855896996593978,649.564507781695
1360.156832184929,28.543428044657425,0.027536719869465487,382.17960247813056
1447.7558182546989,265.58476400051603,0.50545511791045,500.15250569020293
1172.6682829674796,468.30284614748075,0.9640174071177023,486.5746564910746
939.8161575470967,19.671770334254823,0.3842067129858002,284.23699376709294
992.996818054874,61.0549570050134,0.03899601257491159,332.85098202577905
1508.7776841155576,226.09951414171763,0.03095579091934353,472.0348214477242
1628.5617941565201,466.93750876395245,0.3879867599468695,572.1715095043363
1687.3685655887728,158.07805248837525,0.16002493646319405,527.5492111239361
1684.427214191831,253.61740434419622,0.023352096328185912,518.7250630090094
636.8091545730356,20.78642952519605,0.7562136139501768,186.43694548255579
1241.6304570538723,74.17160048104444,0.4585230088818907,309.9383945700714
586.3381400249664,493.31506147942343,0.2892447719726545,250.0356914234667
1324.2933234856032,482.55934821802276,0.9000831830164807,479.6461003391036
1162.2957520600655,2.469990467204808,0.11613896020052561,336.3853499827116
1831.5562741374497,475.90589271161946,0.9559188289553192,632.6687803729153
1026.372518828118,319.5599689077502,0.3139667173773528,368.7669361087168
675.6005246414088,433.95914726001104,0.8884036723086812,313.53290311595896
714.4875230792538,227.36992781692956,0.6029428764794615,303.6063904814361
1642.2659475762084,257.79801428962514,0.8267073597414875,511.83379652434826
1427.3270949743915,244.42329012846008,0.9840131632104643,417.0211450648733
651.6840141841853,333.43212877305217,0.2884054378187457,210.11824994149273
626.1602091724961,69.82562737815645,0.961135485407593,177.54915571617454
1551.45369718868,14.986794936338976,0.38948189490242036,450.8763504425366
609.1445095462902,153.96497079559546,0.3855119047369223,175.07509490360698
1732.7900889355344,352.34038136832334,0.3403871042545057,525.5333084522557
1559.3633407347443,100.92672606147418,0.5414076073475852,465.24244681974346
622.0231709628497,336.71621666245863,0.1541450431784871,263.03694013136305
627.2565711277879,484.95602305363525,0.5537114853580112,314.97502038937745
1979.9593677517632,46.95035789470919,0.541704812410004,575.5608997302958
1061.4061936341805,336.30105911256317,0.76190181260487,365.10836898685557
1055.9632206003364,221.87510965228557,0.8336499619375856,314.9124376643863
1719.1993508862538,434.07112718875266,0.44044135031242404,601.0461163199191
1920.8728660757881,88.57489472369295,0.30233324935149375,551.5856403828694
1979.0015957343064,346.31297611308224,0.25933489731709447,691.6453980947001
1630.0672778884125,419.0576448240551,0.19462383670487193,483.5578501182997
1064.3893782963737,472.3071097370116,0.05764758219902488,395.8025165719112
625.2510750480031,341.6240141448229,0.34244797883471334,270.9897371008361
1665.720373891155,248.58738200421365,0.27024769213078326,558.6523391535276
1337.6063746037075,308.9236201006069,0.9664173858664074,597.814961338845
1136.3330138704646,434.4524922393591,0.5577088262500439,445.3361747200316
1859.531577642104,285.30487331941487,0.34727703903050755,564.7524458183167
666.796223459227,15.19352984841843,0.580467600993696,198.3624074130975
1238.9376564362888,465.47434775348887,0.1391967013456955,375.97776947839634
517.0304671511286,344.7633755157806,0.4440437492022029,220.0762321585769
1202.9909629911895,338.25669288862326,0.6262343214210638,386.9584480571857
584.454913522756,107.83757619885859,0.4888978317924514,242.72239285778585
678.2268744021079,329.4427351163286,0.40177880065432425,241.91977349418676
676.2893701656574,196.93220282707924,0.9938483888996982,236.5343406642407
1473.8154531740952,325.61648852074603,0.880314762148927,475.5780730623725
1619.067318898135,53.29651515399536,0.6234059581594401,583.3844068887221
1375.0531476457395,328.92265230151804,0.5693773611822828,462.2952741842481
1943.2588227118129,499.7068628853333,0.620660479824584,774.6089376125531
1062.3058692855561,24.106019430278014,0.20131210782243325,364.240683988418
928.5681294227911,488.58709211065866,0.3951377432643186,400.43070739006487
1802.8986922841905,203.4539803614353,0.03945953289089932,600.0010070767094
835.3937577791789,435.37672516862955,0.47554603748682667,357.4308918820408
1944.8338091609169,391.19274202913675,0.5430245839576632,565.3593646452177
518.2317120347245,283.5081304933339,0.2277497361032096,198.24974497515663
1954.8182400614585,369.22460462566323,0.9640288471655137,702.6446943875028
564.7398679258641,439.25778065067396,0.909454610937242,254.9196027952825
1836.7146705471066,202.0701608255165,0.7221432354559059,521.2411553126021
1291.5516636294496,163.51658078161935,0.5333866287653626,417.6019313791618
1989.4471941789504,333.79669278179233,0.869969159647685,748.8857695387828
610.6948471030983,403.9229709706293,0.1306523438234629,326.3506993361737
1330.7814266019811,381.1425673883079,0.790509794274885,472.4417919693818
1953.9538034286484,398.9068244293172,0.1248208139668483,713.552451848759
1284.6467662552232,217.7916574064665,0.7942106625494054,410.7064314057126
1444.0979572028937,408.9171080875108,0.27576756825135695,429.8468061938595
1543.6230334769257,60.10452768530422,0.8770905810181889,428.97222523176265
1181.81159715166,272.2445489804248,0.9440420938253978,487.23123157637536
1441.3371201260952,2.8793302490607853,0.14879596940511564,419.29222759311597
1376.4714678846503,162.29291495013516,0.4626756050653935,433.2770919471777
1851.7370157364835,183.23076743569894,0.9809873781626851,577.2734471321571
568.1695705121869,198.08634580462768,0.4834074359731466,305.32331053682924
921.4447843883455,347.7336033449311,0.8635475225145451,427.36445650584443
1925.617226114838,194.27905063517287,0.5887315221313199,727.5388627861057
1835.3956758363745,224.34681131126533,0.37532990791960186,587.5733374839548
1183.4851291785694,118.77206543716373,0.2857835555258702,393.60975463391094
1430.198896702305,186.62589581467003,0.20322309108608727,390.5730430116946
916.071774471699,113.63481363157574,0.7617981913776972,371.47139619287634
782.1817395856419,36.59796188422182,0.3865405068230279,183.62379073982248
1195.5476074099734,301.72429669068896,0.5112754622007512,429.8990472954813
1030.0283420390792,334.1063992775081,0.4923254800011819,321.01388863358335
1375.4841677763081,309.74517300480727,0.5772790292331312,445.2086714998424
616.6019554474773,231.74702190028617,0.8655771456245522,189.55342717637782
1961.5922114992497,189.8928900896149,0.9807393435834294,596.1605523682653
1979.3161167194044,431.66682478591264,0.40758420857381694,653.2128232364123
1547.2425710296177,259.54089256810903,0.8275189221063031,488.75026196846386
1304.1445495161806,239.5909388148655,0.7645277946547177,480.9047009863081
964.2914244294916,12.821032903217844,0.5735289514555733,236.66584715151058
1720.692529560423,170.6239138130782,0.9560471436119331,561.455217695797
1527.096758830819,190.09780939292853,0.20047451552840279,557.0665945946622
743.925409017337,199.41139044845025,0.10926421030962141,237.41100899025227
1866.3907767407636,290.08618461366615,0.8539619669554221,582.1239216042778
1733.8058643847535,266.80127336343924,0.4391498166337483,562.0196977107647
1924.699869937886,303.9525463967223,0.8469688542070605,697.2714275641665
1588.57926258254,382.4416307710641,0.8930902051954149,562.8567954971622
1420.1227939036849,406.49286935804673,0.06245759361907144,480.78094307169675
1127.3645544359283,359.0615381132472,0.8834647629860607,434.30385298912853
1899.0927250310199,477.76184797746737,0.4483190553694222,610.2104115185152
1799.0958342506126,9.116291338180815,0.5104324890042322,575.6710273138679
567.8280051592841,97.88899284177305,0.6265925110932102,210.41922475233753
539.550461745878,3.78143748907106,0.9263826067300868,147.3236407253064
1064.6950503170744,323.7373570773015,0.01911609442976403,342.2286081976641
1715.8299961727494,449.0152744749935,0.4768434683178171,560.2656919794824
1980.9141939724168,121.74114828814963,0.6877220424305607,645.4321268708934
725.6253366552922,463.5172723981533,0.7227069576982285,371.9123512964412
1391.1960730282026,30.133695144780425,0.692532431537108,391.5894268291308
1071.3362849465323,467.21801340275715,0.13443512940812186,437.7772668550261
1954.8715967219048,175.8113436198172,0.29939558837168123,517.3023363692686
1763.178384703563,50.71041422460826,0.35871552541701346,509.9005832756723
1757.4930570667068,242.9358795931628,0.804437207679505,574.3625901158674
1203.0397396924554,128.38828386025398,0.278759872414553,341.1332838179371
1122.2292535064978,142.4364509809614,0.21070496386720317,318.3518180050486
910.1106078960594,153.6449824631433,0.9574480190380962,270.468945839906
584.5632449763907,401.5129489163317,0.0088632851134689,270.2820860210135
1797.0835643825799,269.58063833762725,0.9978208556819782,583.7745281475488
1719.3515136951164,155.65384957800183,0.6768212988573956,435.09234448777244
1999.576509929196,305.1668916554592,0.8284692994491171,554.9541706080423
1994.955255610858,358.0753371115968,0.29461939634619316,639.7878471523527
1333.1475584039413,136.31200036676688,0.014315277667059978,450.0924284249801
1653.4811227707658,206.77455076267574,0.73786951856153,400.09779179935936
1917.148594823642,60.94304666847378,0.8341445970006758,562.4300934329059
1774.4710860161172,90.57467476734016,0.7404761319535191,524.2179155456275
871.0221526147965,340.5589269824914,0.1428502873008386,398.8496051200897
1175.8162029651403,90.71917384781347,0.7534279222569691,351.7129478656873
693.7391227272425,262.5816918335301,0.768922782107641,279.86441670013596
1931.0765408880836,354.5231308612163,0.6585405156700549,657.3562994946086
1409.2619516763202,53.438461547371915,0.7661159327955862,327.01456541528995
842.9642082551941,283.6561098144518,0.8459214396777321,348.11543741500316
1507.5510266087852,128.28139185068187,0.6136041142374584,488.75277203701
1427.1923606868436,481.4634376187899,0.08860471396967906,549.8726881849375
1037.2440770492608,241.77282335996236,0.48762780966721087,555.8884358895538
670.3363882994436,402.99627488757903,0.07764933467160506,177.5022894258866
1507.3597933891992,275.1132710781309,0.40754303103243084,593.5061790235446
1280.46155135569,21.70626642740958,0.40710648912562764,374.1480533710837
1658.477587603459,316.5756877970112,0.06600984414024158,575.2314600450044
1280.24525166799,475.7016711033285,0.3488205339694793,476.9731795093975
1778.27225047781,300.8059100731656,0.11099809879131484,572.4421402979531
1327.8602581617283,409.59442971339513,0.8082352100092222,451.8661405002605
1341.4069573030793,442.1032316742039,0.9476880259644708,507.4129391070115
1814.9804039875175,114.03988597446624,0.0723164752579386,491.45064520509044
1105.2242993185955,106.02241995411332,0.9551152072917014,390.39624368321876
701.0228426759611,305.49049442549585,0.5225765993367452,250.64748910355846
543.1740144700085,205.51423490335236,0.2995656779538739,147.58154093745054
1632.7058835104285,419.9306514333602,0.07686207527616351,551.3049386475375
1430.464327030197,450.0115616990056,0.5006242680704178,582.0491337187958
1556.1196521488353,176.71068965135905,0.7945155444907487,475.4907307785603
819.4462422633661,118.43527948724103,0.7070864772666982,287.51431813466576
704.5572133801546,390.2627576219309,0.05022601146397376,252.8769243538053
521.8169985018229,137.40301777406805,0.07290183536790351,221.92908578507826
1025.8813382098956,411.3071592568392,0.4028732826326371,424.34150758211
1384.8765302819497,211.86912682438142,0.2952904940479433,550.2967551636865
1088.3660676495983,333.7749496457352,0.23238432305604784,384.5098513813714
1156.2123830355936,47.76765691733409,0.2810044989087136,389.8780869819311
1856.2380417406225,311.9296623382865,0.8034827432968846,624.241070241121
1022.3832005349506,225.88383936861456,0.9292280536318539,416.77823993272193
1270.9842337397163,293.30423158773704,0.4051026945275664,404.0550073284785
1675.4795191117146,84.00710387243171,0.9061110021324971,556.786153252078
1094.814173481905,368.43687247209107,0.32149570124788196,392.4289113032804
1433.1300503418101,431.39853877161426,0.4764369863437916,513.0569577000754
1793.5455631201178,108.36990004538782,0.22602899781599972,564.3478760673132
1924.2809354864632,47.85727776008086,0.640476042175844,599.5318036235064
720.6102213935569,11.819293023168198,0.9789811151748089,212.83337097812026
1889.8814377422416,320.985750221633,0.6034930960433786,641.9575898351297
1238.1744396193071,303.54701804439037,0.35781408411354887,511.10341978119084
887.3665824484375,273.348706357035,0.6478174459905284,370.2169820312982
1188.7036343573918,115.97354805798771,0.12292067846538757,423.27582161150644
1970.0488629282156,195.45299795275733,0.8886590802653986,607.4171480758491
1238.9271409893045,297.23816759308653,0.5030839507798364,386.7140427990704
993.1274154312623,248.38342942958468,0.44934974203964206,395.42487340138723
1450.1012814750886,493.8927601074437,0.5858647884535192,577.6698625693502
860.2184281672896,68.21987627836657,0.6247838627894025,345.4055158796882
613.7949921629959,347.5722770237969,0.07177580622651303,223.4610993358193
693.3195828659739,202.15938405214607,0.6826172212234024,237.01858062432635
692.0687584366586,214.09980746280738,0.24193168031552958,168.49057406531892
727.8540402684415,358.79888282908814,0.7139526325065898,270.56382860655714
708.2407589741152,346.21807566218484,0.8225347943841967,331.6266218330823
1461.3121172048218,495.62799685109417,0.8039585075525203,514.2748614210108
772.8201265987173,64.19714472706262,0.5525009674078891,276.76470678180965
1018.5009249857948,52.054824692083166,0.5201698923107512,306.48810412349553
1845.1826148590178,362.1694085643706,0.14287596133941172,642.2058051777915
1210.9424603943085,289.19345850320457,0.7753461504031356,363.8143949431904
1501.3366077815408,137.08033327990293,0.27140938044671437,482.1046624101825
758.4798068024447,39.7096844944933,0.49669542281794654,85.9787499368777
788.4335282130062,42.82912479821527,0.2842740929275167,235.7795029247384
561.3029243997183,447.09543733205913,0.13382836299969314,176.29968543687028
753.4025946082468,95.93366235937145,0.6295576968917366,305.57019245137826
917.8855085479379,161.68578105776038,0.05433203482290383,346.57860961764135
765.5157264151203,113.328201113494,0.7486452341262,275.72877176895156
633.0538006355835,177.49815291596866,0.31758679526111666,301.49784081136386
680.9538066509012,34.711921373046685,0.00013469300448532007,163.78271369793828
1191.1681520490888,259.52989545413516,0.5111291392372298,496.6756975152553
809.5005776086888,33.80628179610745,0.046851908527603126,296.2256930457001
1046.404791572113,400.1782539111808,0.27616955782089947,382.1569408487049
1255.1259062822853,116.85604095521651,0.7069764874557162,456.7606850836217
1535.592242944048,270.0059573022553,0.06268962162186587,459.3704576852458
558.9682097616484,440.0395437807291,0.8393384923560023,214.55659745749224
1699.115598363564,325.4386845235971,0.003819922658583108,544.3933122440694
1441.8505842363616,266.47889327566764,0.24682386920190225,459.4267509097614
622.6385479233079,162.1668765576878,0.7409040561520714,166.47114795613248
1810.3679361601658,166.50095652909897,0.3162701497293068,637.5963525236086
1881.3086007977197,334.74347759909506,0.10189238806601353,618.4087449794498
591.6169397822956,497.06968061058376,0.3602339188004279,294.56028986652944
915.3164722208055,330.9195949246893,0.27039328638452553,312.288331659134
1709.301919689592,278.8917086850125,0.8427119021605549,477.6230238066704
1622.3895355754876,365.325255119623,0.31334791758514313,573.3161144079005
776.781529034566,232.60280614185908,0.7889324717760072,184.02116441493035
814.0239850050655,30.071171300392606,0.8918721448107347,246.8789146718058
1055.708154187073,281.1484079389549,0.43381741957652953,304.56975764423004
1226.784477786532,478.8126422526901,0.909943143854392,563.2526660624235
1427.382157295444,87.65147117882982,0.37731805396319285,491.3508093385315
1053.3704593546586,345.0024454103329,0.9640784164901082,390.3957242936872
1193.8020741997218,100.46684432952824,0.08928952452557293,441.4282539610082
1621.2064072006349,267.91384223654063,0.6870192665032427,497.69759366086214
555.0248043358969,48.33822482335981,0.49381404045692867,203.39843660299135
878.6554165160312,225.18546812909256,0.38764880545564706,318.66300514710906
1570.0243788268288,378.08166444762304,0.6327118787486009,559.8879217921316
1842.810256530799,173.78576211949104,0.7038570916343312,651.2882900976398
1267.516163173499,332.45586224360903,0.004363269650309087,483.3710628667266
1298.1702278979735,397.7249803948646,0.16695308874719872,483.4489428984908
660.7580170096641,463.5889097397263,0.7130460506343187,208.27211984449315
1171.1185502351818,117.32104092772677,0.6663854135782065,326.86409703348454
1298.9258996825347,199.65795790465407,0.9660475051286772,423.57051955641793
863.7057554520945,76.20800666520871,0.761037790250783,279.09805046152775
903.8648464240714,496.2417510791876,0.950772707731338,313.9926951801359
1065.926244656934,463.50048396214765,0.702540501534807,533.1320580185842
530.1067966665895,269.9785651402798,0.29805220863944315,288.8772600115754
983.1187483747674,421.01664718821064,0.10536492225085647,409.25540646192155
817.172010494817,260.4789886360211,0.7818238633449356,300.92742632617103
991.2460282668719,311.7928440013799,0.6441492214759159,349.1863437074275
679.6431977288769,44.56221605800831,0.04818601239329623,165.21429813039228
1835.7909211098424,377.63521024840395,0.36005046590097833,630.1743493551666
1390.388680331073,63.85674181761741,0.9567998154842862,442.87125945153133
1518.6534787167343,413.0338151262642,0.5004011457102012,476.16481798076296
1683.7568579110075,391.0140438351929,0.43272913601970464,600.0819599161878
1247.663298393586,354.3723488714882,0.457699605159294,437.456276811652
630.3804321311355,18.08019026238106,0.20888272400516372,97.36067807034783
1305.6598127278216,151.5641779726643,0.3687071708647952,379.0283995909907
1380.2616770313186,131.55628495542143,0.3698132559871766,419.7464647549964
1618.159211276495,180.06820373575954,0.0523550201874724,615.8510224991287
1147.4893193445191,43.82137338191927,0.7675676285179183,380.9154834692793
691.3704541933456,468.47891151553137,0.416504431903879,234.37449054930582
925.6638586980866,276.90112035618813,0.8221798868164233,357.4634141402271
1044.6234445979526,152.76215532901176,0.8503480011198954,266.6592997983818
1468.875861997402,198.49075853714172,0.21199405469865806,534.5166624064725
1356.1674570033679,223.60127025241783,0.6573534821701286,428.07999390881696
1034.1450888467693,300.29716668030864,0.4722818041629817,365.6683787335503
1979.7728731894695,257.8397138482489,0.8801567379214851,711.8776527773923
1408.6622290353307,459.6959866072087,0.21574067917645412,450.2012616707461
855.8401876039917,248.48174145291512,0.6778132003100442,236.660276636162
652.6737089306056,496.07900741165633,0.6077521222527226,265.89872305643803
729.288708776498,425.7124788725479,0.2953014775718328,355.87758110618194
868.9365925767622,104.2552571786679,0.1366009036511726,205.57838552528523
741.0220598893335,465.29760732195814,0.6516397604772766,173.82352350171095
779.8505360769586,58.183198942738045,0.7385974581323307,223.10771743699846
927.6427530407707,408.7248542455958,0.31562734376335,387.65639949127274
760.0603929421322,190.31164673829005,0.6448326040223138,326.1580179776414
1845.1481369396377,438.9871602225348,0.39513090761150327,618.2233181128894
620.3506184924634,434.02834505372516,0.7132068832826177,252.41084489101223
1286.767084355382,402.9627000588106,0.1992152748940531,524.3376235586535
1115.5952404844923,395.01521815353067,0.8902150026361744,320.28355229154647
1973.5679253629096,152.33956954902038,0.28740959646557973,603.140993719173
668.0583532520785,40.45964152562609,0.3677859877561529,218.06740737577726
1096.7833985686125,201.49008938258072,0.058091952080349785,391.79978270655965
1954.2056499130533,86.76225749325434,0.1115122123212764,578.1349630342548
1798.2606888409705,347.47554445123086,0.5158619027123281,610.7469523181005
1725.60810642392,173.04986326889278,0.2675926767279715,427.90279617797773
886.8542405674098,487.80510042995746,0.8354802257421944,330.78841966209626
756.3313810850987,320.486038672666,0.014693388654953843,313.67352702665164
1502.9648298866464,411.24028181718046,0.3790940486719362,484.06071302156323
1894.0639836913788,66.26233637092422,0.3373455467690927,584.4546080157552
1335.1443395208946,431.0072411363113,0.019327630917601035,509.09030788675733
1357.4190342048498,461.37859525669717,0.12436839900051022,482.38640610980616
919.9686404904262,243.53095940946795,0.41364267491863527,333.26133684634186
1654.2393997879053,303.12646887548874,0.49286458444744663,508.80977190568336
780.565622836285,382.4049004514977,0.4042897472548691,300.3605319311082
985.5188546063655,87.41931363020628,0.5309376784120938,343.7034213552532
1138.154657924625,251.2830382317212,0.5951316749056815,399.6111662396441
1261.4155680266826,199.33151388615656,0.00992382112783563,388.9654020891521
863.6145986226204,73.18699608112456,0.4640951594535039,284.979008533496
672.2552371088053,183.7672111457657,0.9634992408875883,274.2568528177144
1415.930063662449,34.08615469274678,0.5190322801295487,329.15108933642307
932.9458298603836,12.905953474743493,0.6775422674589532,340.4863971276045
1371.8573321339184,67.58314457741137,0.3118638579168832,408.29227800739585
731.5440729113035,481.5575557945869,0.7739913781527625,337.1266288321352
1221.7101527822263,274.76476794750846,0.7729214818761151,481.40563775461857
1298.8841488273788,482.91108057660995,0.521296047654139,417.71590550677774
577.7353052336404,216.248939165066,0.9760138232792136,181.19593066405588
1004.9064172908809,155.9080665426298,0.12555021476265338,318.23865872348125
701.6220154084614,253.07093142012204,0.016947664889580993,221.91480961683035
595.0624557091517,219.75584431645507,0.770158211757096,309.2937501890527
1984.940348584918,52.83234213087196,0.8071555373648825,563.2906838640465
983.5307674620844,320.4131573451031,0.12020722912057624,331.3765434562147
1714.8116687819522,108.0190912547998,0.2655828329586061,546.2933287489905
881.9609821456459,309.7939774489148,0.01755236336662891,266.4413690660089
1522.254083335894,325.1005461990767,0.2933086107805647,501.94162951384834
1640.34178983453,76.01242656432406,0.7731418739186715,523.2549995131244
1393.4581109117664,30.67481355533408,0.5179605277125789,407.5811718182424
1207.3642828252375,390.3807930342199,0.3480955931682881,435.6509100687347
1117.7613712209027,229.90021188466008,0.3717392949063303,354.8790220502749
1023.3023998144929,29.081897752737895,0.0013536257154681541,237.08371939842863
1894.2937163717388,497.4331585848836,0.2998005275652359,683.8843872482167
1745.9291116815937,28.89028049818332,0.6464587416379305,617.3680890606406
1947.540365999769,347.5176144292766,0.9741944438163571,654.7831336693395
686.445835228317,491.8394626317068,0.8470608269838995,315.64955503991234
1596.3012128054663,119.5900521079628,0.023594964645529126,537.44687151554
1907.5106852315569,71.12468434359809,0.8985606046748393,523.1014736713191
771.8495992484902,60.69246971121445,0.7831984132986259,328.8974264646001
599.7444010501663,151.63757378379776,0.7803761235709804,220.44531250530662
1611.6809739350886,50.522905505323344,0.4579957590035715,575.247517811947
1361.709669769868,346.08067084706596,0.3980052929545028,441.11718585346955
1762.7431651374081,31.145899065031347,0.3029157288331926,625.9855170550032
709.6585649394342,254.71106407489486,0.06569485895436578,302.60412648444384
1692.9009677898352,498.3484269264884,0.2282353634936991,635.2148035512156
802.4409800716169,406.9851347530094,0.24660363497802462,333.8552040532421
745.4839142985568,307.60971911550547,0.4840770697102016,272.7890949159167
746.3986968964894,153.12681039330585,0.747444406596694,314.6462985119613
1721.862080347073,311.94791814581924,0.4738098283979466,586.0135822085279
1497.7958310443,263.5207319558258,0.057844449447160606,403.6951949700423
1284.598137153679,213.04169194518573,0.9577898009882039,372.2242354298896
1038.2457261852537,65.35518837009974,0.9427243190941123,315.3467403518681
1815.8008112196624,443.30210762023336,0.7851895431484084,648.979133002538
1088.667661133953,224.89232441066125,0.9913279015642206,368.8484715674798
1724.8991592073655,97.31125591038253,0.5444823328002629,597.9349866672494
1158.7023628553275,183.8796754386448,0.9627683502532061,286.9278275774213
1065.4166441373613,207.06487626446352,0.07560504061675077,368.2249258234208
1194.0196785044095,413.76894778343717,0.3656807482613713,350.09729991347865
952.0668112462131,366.80719028070104,0.22538126800676583,396.98963433101324
1621.4140702643767,384.6524468206699,0.19583308413427003,558.6513580297602
1254.0805851387186,5.515632214323607,0.14080294889267608,398.32188088057546
848.319042720226,208.07699908988076,0.6224136415659967,252.97920596871222
1849.3618599118527,240.6720758176618,0.7813218557473051,666.9943519055505
1075.836832059817,9.596138411528344,0.5782983994203607,376.8143403431353
1315.329291670983,129.9066043725171,0.14696270958820967,449.7720197973515
1859.7081664468203,380.1449115610675,0.8111237699334709,627.546682280081
1436.3569938709882,68.55485286449952,0.6359547071637285,473.6745284696694
675.3470610625461,267.65506572629585,0.3881657061269955,220.82931963526826
1909.7481854202126,107.60093600861876,0.674130295536063,637.2898388083767
1441.5620796071266,6.060387321946637,0.25990497924283285,516.1807365606477
1002.3584219856292,120.60072879977074,0.3451922084942105,378.3927195754516
708.9081089950809,487.9368774550269,0.9174858431319902,273.87143328347236
1691.037783905444,400.7685559414948,0.2905045056714204,605.5649626741545
1430.1091338927704,479.7883221605167,0.4699882681579366,460.3803262388178
1300.1916379644822,243.92702196318123,0.8901411373960146,467.55142545450434
1840.8388745764364,54.868099338751755,0.7077213502675275,585.826225018835
1682.895816836796,273.97974448684647,0.06220322616470275,466.1800972944164
727.5123195991267,227.18866727998045,0.14730304427897034,205.61696744454383
967.5831016933223,422.178541369808,0.007841590771916818,360.5544781038471
872.7337097216987,49.04129039212229,0.6309217902291634,256.6484758169156
1615.9194388590154,244.1205685108891,0.4476734254104183,473.1708659314832
550.298652103669,75.02433234699213,0.13427485090227553,199.55682605319856
1354.834527306975,162.33796344503,0.9579341210567704,451.58742474022966
1643.6880286110359,368.67853869389984,0.5296597239456199,557.1816256955592
1815.1484551426242,238.00906468438328,0.24189329411288918,554.380963801157
1013.1226230738612,187.94414257288466,0.5006035711547075,394.0110321146789
1731.8859570080192,197.23813928501767,0.6796203327351078,641.8517326470975
665.9476054328109,229.72338420299332,0.07623921797356448,221.55850819991244
1769.6784376017772,392.50827191852846,0.274703815047892,578.8243101880026
691.2329934979737,446.0423444701172,0.8069654908839936,321.2194467631037
1095.9309358405508,477.66734325196416,0.45966487040266124,406.45724690224904
1695.9430486693304,393.45169312764756,0.5465771420322949,580.5580509073702
724.8761410231607,157.70344787400637,0.43281600220946925,286.02947106820403
843.8770928489622,344.06735304327105,0.04389994264300512,226.51318408224247
1583.3788525895993,218.80156202769595,0.16574977982015593,584.7056594030344
1580.0548048191115,127.33531102302558,0.4455416387418909,503.1620840306798
1461.721449327946,420.4357897129613,0.20918546540792782,502.04985405940783
1540.92266670065,19.213174481162497,0.04997902865967874,461.662725098221
1314.0866650213943,450.88099606771175,0.8436496640518237,482.6080314373918
877.6985883604291,230.7387323123671,0.9811925291641158,222.99537705127233
1018.5439902558792,318.6007384041402,0.7931428739967394,444.10957041765323
772.3965752021385,329.67696110289137,0.853784921704667,299.8060248869212
1862.6758420004426,447.55887035326816,0.24197713031704537,670.4888309061869
1375.0876921491808,318.33484108360364,0.9606269755131998,523.8668270877284
1101.2771251454599,306.9667923800309,0.19692570445342839,340.73806571207444
1193.008705466199,33.326020280344984,0.9514298103618323,388.3365536287263
1920.925009417723,259.204010972602,0.994819293965951,614.8357324042942
730.0271046741203,75.08450040852082,0.7117228057460487,276.4347425253396
1379.3447480251957,368.71688436074277,0.9811437317918219,381.2835446353116
1258.833018326699,256.11096040633726,0.5695397795671037,423.9743365451704
1417.1813531519717,340.1138896041767,0.25954178317609033,463.0621052555464
527.1652757312607,20.836450301192134,0.43699588566562086,183.973719899891
1808.1858634162272,42.39600802290161,0.593560935378786,574.4965260913965
1898.1774237254185,358.16169403134114,0.07308156202701499,605.7115793389951
1347.6997753838134,36.042167999336684,0.6223432646172461,375.971907332671
1544.9762358153384,35.6283638826293,0.9811778367622945,465.18339287693715
1883.7490717659434,6.054237617443725,0.19010764978372763,521.5224684524896
1560.857951470098,478.25069914974006,0.7925951162883833,606.0859695552126
728.808564371392,368.75417972950345,0.9078987937796194,274.0238351143239
1364.4325402502197,176.6257042510321,0.9437015928202208,299.3998621184723
1410.072569574284,148.26779064382762,0.9601356044054472,434.030239730401
1136.196006953579,174.85161487292478,0.5214596387214719,323.9540799823322
1604.6663534370844,387.3267655905909,0.9773079079915037,477.3991991669953
1901.5505221535223,330.6853055352072,0.7573102071344389,574.8066168626829
1888.3527693601645,92.59778393373396,0.1616714362369619,590.5119783300682
1176.2590571061983,87.05466766704217,0.47690010646797,436.76838208832623
669.8570687611328,49.19782485669866,0.718331175372004,226.5277424104658
1977.261798443502,330.15135985066905,0.24734031581908333,628.9083761239792
1758.347129668901,382.18633111086797,0.6406151835488874,626.8006763997339
686.9940218049003,132.523214162502,0.6666004790466192,209.71499391092556
1881.2628239260584,10.472480515456406,0.1626997438085659,531.7595947971324
1804.8445430931924,41.08583373821367,0.5650853124527563,492.0089047951966
1278.2570856891082,483.9300174225152,0.7716269109786077,392.7488515447474
1386.9131536173938,147.72238873871012,0.4988956645359419,426.1721280714415
1098.5040558051955,384.6115739190668,0.012103116776107425,414.3774163330562
582.142458233047,312.3317844271319,0.009038469079292177,232.2788147015039
1002.7958624688514,190.96981982644795,0.3570293439700122,318.2700792429741
1704.280172897017,102.84363109777756,0.926194068431782,484.65809446066476
506.94803450690426,60.693209079703216,0.22867677960360877,194.6582294302207
1000.2487575367163,307.5064840194333,0.6343636888716871,295.78276443645944
1097.253040386415,387.31689031889397,0.22207587069332058,445.4628934589464
1306.0934044068845,321.9521267705653,0.3216699896595486,406.13976272880814
1879.7834246191408,265.15106662457913,0.848042089601484,579.4282830519663
1019.5189915489419,20.975611715818133,0.7288614422699469,236.78444642128932
1020.4298028443416,484.2443887971919,0.09539927731321063,377.91725119619036
1606.2518721646225,399.3570958272873,0.4287020209864336,610.5554739408418
1178.3269113347108,146.41101835048238,0.029169763645264468,408.56459846907205
836.907234409973,489.98516467942534,0.480890146603009,398.038397874939
1178.65927419904,300.94079481816107,0.6624340117010681,439.9593119212111
711.2855305696997,291.21132910362326,0.11850262359815156,216.45628382747594
764.5804797593349,374.0365897147661,0.28888493890916567,287.6708891482668
1247.5516591092196,405.8848940450688,0.3978366255021569,416.47230374845674
1128.388174256822,328.2393036657513,0.9195310246560497,470.7850113146144
1872.26885160215,64.04787318310001,0.993255015422964,514.7501232974918
1043.5908486749497,169.1337529972492,0.044911298995615856,391.59338080128987
1370.8825254170652,464.04182016302485,0.761007923495392,548.7969159555125
1448.3964318792955,112.30780592192596,0.37172406640234323,548.4986732406184
519.6416848825005,186.08351191875667,0.39245818622948003,172.66412403564956
1495.3060580250658,216.038441472098,0.7542649733470227,527.4910401782821
767.0539503046272,219.7024948472261,0.9184264321454086,388.23111853099
1941.6054762041827,306.4697912472628,0.9509285945025484,612.9886101234727
722.9940916296695,471.5379188723538,0.5771225860383208,234.51151114535747
1121.9361855905356,120.34635591625248,0.3571211593005028,266.68533728095304
628.0245021179658,60.750688150459034,0.7875490858587793,236.27184461713398
1995.3113777689211,98.73524492996866,0.25100138326230026,524.208052052067
1253.2925154968639,443.46245010463474,0.5640740288335178,446.1206994259733
1393.0775259800657,322.90540632760303,0.35857846152487316,504.40585625764083
600.6147160826413,142.95339461958005,0.6566310737078761,218.09953369757488
1624.9407055987667,407.9734694843086,0.2403989128935069,590.3731886769897
814.8583896433786,430.684998181718,0.19159294573482577,341.72816861397337
1847.0814341610705,423.257169345139,0.9182390866754371,702.810978691686
807.7094607230108,459.46326681977723,0.1018036829495369,286.59985291221375
786.0315809954998,126.1205100866808,0.5059579077349317,227.23441518383302
554.8245017721423,377.5209643731391,0.22085278296300892,203.34065642102559
1208.100417664999,230.26974863707,0.03892996332566745,449.9975586163768
1347.2616998939247,420.9992764450308,0.03601881829142639,533.4018965587659
598.5629591425286,364.2453385808066,0.17522177210582734,274.9967436020559
1663.2914250425158,388.2237232498623,0.8667703545060003,635.8935325426743
1179.9332521220413,328.08091884053573,0.28247874397702666,360.7223639102982
1286.5854039913702,88.71438473485344,0.9504591705752957,487.1747496389961
1161.1441204073421,272.5134594484692,0.5816222929891935,479.06602132680837
1101.144591312989,492.33486976225413,0.4366141897687661,465.63511262761165
1339.460496962327,468.69403324855944,0.5800888346694546,584.7249100604299
732.8603688960687,21.586867898505837,0.5166983852262678,141.3959937031557
772.8921957429067,82.40740786471856,0.7587762537573252,222.20261110805887
1792.678431520276,65.86438672728096,0.28249606597285226,514.2394833740386
1919.173193200449,362.98995499264777,0.3530503916003024,684.4592201856915
1059.9639744196293,408.8926649284725,0.8940943025332507,347.35009776172933
906.1170097153306,106.75568315533596,0.9464565131504055,331.15564266385564
1465.9993148585236,252.9263464759145,0.8925582274864745,559.0011267753243
1113.1012566471445,420.3515140056,0.4194479939573136,452.802769598859
538.0795334905173,366.4007723831253,0.7803655030068817,248.96960225715597
734.2288960492856,271.11860274592414,0.4763357333010988,225.1463558922632
1573.9583432710963,295.1738452293865,0.4975398521461022,488.9294777061525
1488.385912865227,254.18027345814,0.20468010905728395,559.8532418269352
540.6439887552252,148.7742256594103,0.5911303032585165,230.9746049840421
832.9582428994241,282.51099642950805,0.18613589775334793,304.4573097766269
846.6121948821071,344.44265102504534,0.33156469906719377,302.0098678512534
1507.8391153980926,436.66145793040386,0.8550302016199351,438.47913557010173
529.5658066315463,318.14567698962406,0.20707580921085522,168.9769640340878
656.1628729768607,380.560768521579,0.07115828517343281,368.5390857828776
1699.874128059784,80.0358174772865,0.0690075926128163,461.95352412253044
767.8169930815004,230.77873720989496,0.9407845205031079,286.0689148795335
1479.119161777812,4.6658099135466475,0.5069204379618346,495.09180121960907
857.2741715700897,123.3394322608115,0.40941207181701833,219.14494573025627
649.1620891390178,363.23085755650243,0.8108785810079184,276.71140985016075
864.7582864991812,495.90497567468174,0.835825927910516,405.5878405530145
1583.4003977834886,49.589049793607956,0.3321910331156046,485.59611449244227
1783.5447021594287,200.74715793064414,0.6936180574737952,718.7023568230431
1745.3297968504874,400.03548434957975,0.7711228158518866,520.2531852627375
1095.7752944276822,102.01781731444942,0.6546506868659545,402.1380433540751
1502.1277048559691,277.5424746511431,0.15159507480009937,497.52187902467614
807.4764431237315,366.5356480148374,0.875883083517057,354.23365859027246
939.7215953915199,307.9927251300895,0.5390945527360087,365.63429068370976
1844.5037277816796,94.01236730770806,0.2824724263700037,535.5240291831826
519.502885266104,177.6922843428697,0.4252281854376939,202.88166488991595
628.2627962817021,391.8958922426986,0.03757109039890738,173.96670187217592
811.829382719041,277.1132570660083,0.12786680122241756,329.14662793760584
539.7983058107295,2.6148067714563683,0.7655467505158609,177.446931072088
772.153152634696,380.49538001404693,1.1634755366141114e-05,339.6780313888488
1374.5623414545382,17.655677470119535,0.4165658284822922,468.8474107675911
1132.136825888747,372.8668913656161,0.5225101810855884,432.64766906834143
1839.0075666154623,101.24028008261871,0.054634420000972295,579.3602604330762
1726.1653426076614,479.0367400596901,0.9730781629723328,569.7008417774689
1012.726027546814,183.97037565104225,0.22612533124967193,305.02345774492505
889.1351501469387,163.46580816903955,0.30419871963628087,358.80085755871966
1069.5386122509003,74.44402516622233,0.30394251225502733,407.59755324503897
1385.4424137722117,152.80210774510743,0.2304166621173499,434.31066553129403
902.0954612343144,438.32538091410026,0.001473822086311416,360.59399929798667
1436.223361773701,498.1671688136237,0.7293447940879964,485.3426580245555
1114.1174782868607,184.15476525342416,0.9668454997992854,429.80072335009527
1328.0707712779704,224.30531547727128,0.22429348328504506,476.5755650117628
1154.189793702975,361.0354691013685,0.6630471918034224,515.591208473534
941.6986393128765,443.0978902325373,0.7418963269587151,327.2872056140793
1922.6799604432351,296.52216709339206,0.8484253790905247,617.2928691386471
1645.4086912396413,195.76284908891466,0.4226291970136091,544.3897362356553
710.1697636496788,206.31092042431186,0.30293090564042924,286.6678831566186
1802.7019638468691,347.8090732484034,0.3252951340230311,599.6215514397621
1231.1467973742706,1.6091318021393408,0.7126213330985128,326.0890731833339
1841.8283403411372,309.7946687299203,0.816779466505636,658.6594902411542
1699.7828839209728,177.7465052206787,0.18161396775660266,581.5590957444823
1137.8202567038502,397.0986656385421,0.3709410081577652,374.989199211493
533.7039624801761,46.49531991156608,0.90194019674915,237.27258680131575
903.0160390774191,294.10113347419525,0.8066935196947392,388.31564322986446
1312.4513219913003,240.48644494306188,0.9848584027624758,448.64599628866836
1450.217329739221,321.1627629526137,0.7542482596820808,503.35306945705906
886.8315281498035,32.426797241484174,0.39319520102792227,300.277025969136
709.0341111092362,289.99189371406567,0.5906378339946378,227.68252234617051
1752.3953551989487,280.7422939797619,0.6610142542473203,583.4347407392656
1976.6032710553282,280.3300472080855,0.07845581631712395,541.4356591093882
1288.5352734540288,301.7438332982274,0.5444969591038651,490.7865806669113
757.5189287724552,338.2339686131811,0.7093208284726096,216.89874331512706
908.4609897790534,402.4944998403849,0.16732130400106038,428.22492045364305
527.5860148212001,134.91036006410718,0.7806317174255571,168.8299349326015
1871.4482098407484,412.52470509003103,0.5837727805141116,633.4144321517233
676.6266243352118,249.12784113172683,0.9522217856975946,221.52208240125339
1364.7747132713803,38.52913956716558,0.042422298206891695,402.74054042856403
911.0828310308091,29.2754646219896,0.26532613755546697,350.133042104798
1331.2670037736902,167.1191593480304,0.6015538792998241,308.4736555628892
1477.1305825277964,392.4484885557338,0.2965599122059307,585.5067977651157
1744.6127055608024,353.8404673704579,0.7144241640712422,611.1245216138248
809.6319076409047,394.30748233620324,0.759005282521931,261.4758868949035
516.4937429877207,258.63452822080467,0.10251596406647445,152.91966048442185
705.3284451032109,220.09949897774527,0.5138544642067677,339.48947013334316
1850.0279627721577,73.72626335314197,0.5088905555910559,522.5291865606981
1810.8351163437728,164.09637680465576,0.36928077021554107,518.4392128112864
1396.1196532554625,217.00968308693763,0.9329248625696721,519.1968521985198
1400.7752906504802,44.30021483980862,0.8275063198732212,446.1030246093888
1497.5550118193833,110.30597635560562,0.6972093819096368,424.5011409283071
763.0569179351744,299.1126470318694,0.7143266357349976,299.6422862207306
1871.6179188874396,367.83155711959495,0.4617161438131191,583.8102245225183
1128.1557873381098,499.1737556964748,0.9209945210965759,493.4146567139678
1074.7077923742463,466.55666567177883,0.6945954272532854,468.86167863301165
1278.3765579242563,321.28259976759574,0.7289810616558164,474.44269537805883
570.4489501625826,210.624026647036,0.8616909037873453,231.42871253091153
749.4250531341191,318.0886823541164,0.274071589342191,376.53206581336195
1607.0504246395556,392.825809040116,0.807070903866703,560.7453126596878
624.1980018876897,59.16809546169366,0.19524060295649204,140.0188374479012
1404.7281641995824,204.95244484814413,0.34534195224488784,484.9171680663433
868.0236645219815,419.9011428178086,0.3356104542698427,448.72324144243885
1083.9434210629647,191.916475966522,0.9785254683891406,312.9261993997401
933.0406051560499,285.93613561359325,0.8565372237479268,319.1119240572091
1033.5090746974238,293.8846804310991,0.7011698615902597,389.72207738667856
1578.5688577763683,92.23812656681967,0.7270567616153901,489.39574587214895
945.6825734347625,181.1177208261442,0.5620727944025711,270.86934445623206
1349.6069604453457,167.25564437096608,0.9470906671085191,494.5208188860313
1214.0756032986496,13.098354266032397,0.49625875288236154,482.89401381895254
1495.5067480439723,12.095881945677622,0.3805177098698945,460.9158255245096
1905.244608987137,415.8485218378867,0.163035336931591,609.5559761106116
1598.8581458153753,136.5354049864062,0.786205652261058,429.5951190544462
822.4105678861351,259.0393831194077,0.7344439320755914,311.5032904439887
546.774702591927,149.36278679438652,0.3843550385241349,249.13727080612074
893.3960664497376,470.3396225576703,0.02519341395922936,385.8476511126203
1392.6168960503824,129.64837943288688,0.8389973277180107,443.6784523885212
577.1387202263755,214.82840636946753,0.011417983454073632,186.64485655068623
1244.5493708018544,436.3651252423009,0.703699779629051,406.1000246310749
1395.2642733753337,420.9667833959043,0.970257109726057,544.6072307189977
1001.3658362254412,93.05070892313866,0.43766132814820347,364.7522398543542
1656.3683056187328,401.3216548978552,0.23497340499595276,499.9118306711538
659.8973797006577,229.09344336894634,0.7048710100433817,323.35033859402506
612.7066726037132,241.4844360426776,0.8171281420155851,260.8941628485511
1592.283134305405,66.7399862079719,0.5464303160778473,561.0673128221133
1243.2369743092977,40.300756878562325,0.9670352752561462,314.02155977177165
1532.603594641604,363.9696534868826,0.0516687216579611,464.28896819125157
1152.2410079056194,248.23057617764988,0.5047955983045281,387.92043167868144
869.6030498586601,218.42535130758978,0.7184539473225501,329.77705195860796
1728.6534765112997,364.75411432619836,0.862640471149179,681.4511710120927
1699.1238184534689,382.7564494955549,0.17925561190779005,621.610306687099
1542.0447062816402,79.45408383467678,0.8000034817636814,466.45016515900215
908.217705844944,305.1125747388206,0.5527070757185453,282.2246370255246
1385.3460003036307,67.67704113884277,0.3965536819899632,490.6788923230143
1041.4608454100403,375.6875430145228,0.13171502857909356,339.35366244123884
637.3731099899512,328.47757813356975,0.8652957589089124,338.41740593820634
1875.9703631933642,478.30731054172895,0.15727320817971535,644.2490659068475
705.2279463784421,34.47900817821059,0.30978785920909924,298.0242679659882
1925.3560307312036,28.52736057562716,0.2900455319624369,617.2878503906467
1169.0086594369336,141.09353734660007,0.8714140341908543,372.15867223169624
